Kilometres;Skoda Fabia 1.4 TDI;Toyota Aygo 1.1;Dacia Logan 1.2;Renaut Clio Campus 1.5;Dacia Sandero 1.2;Toyota Aygo 1.2 d;Fiat Grande Punto 1.2 e;Fiat Grande Punto 1.3 d;Renault Clio Campus.com e;Renault Clio Campus.com GPL;Renault Clio Campus.com dci;
0;14800.0;10600;9500;11500;10500;12300;12000;15000;0;0;0;
1000;14859.643;10663.894;9586.118;11565.988;10601.397;12353.298;12081.951;15057.105;13.89;7.98;12.69;
2000;14919.286;10727.788;9672.236;11631.976;10702.794;12406.596;12163.902;15114.21;27.78;15.96;25.38;
3000;14978.929;10791.682;9758.354;11697.964;10804.191;12459.894;12245.853;15171.315;41.67;23.94;38.07;
4000;15038.572;10855.576;9844.472;11763.952;10905.588;12513.192;12327.804;15228.42;55.56;31.92;50.76;
5000;15098.215;10919.47;9930.59;11829.94;11006.985;12566.49;12409.755;15285.525;69.45;39.9;63.45;
6000;15157.858;10983.364;10016.708;11895.928;11108.382;12619.788;12491.706;15342.63;83.34;47.88;76.14;
7000;15217.501;11047.258;10102.826;11961.916;11209.779;12673.086;12573.657;15399.735;97.23;55.86;88.83;
8000;15277.144;11111.152;10188.944;12027.904;11311.176;12726.384;12655.608;15456.84;111.12;63.84;101.52;
9000;15336.787;11175.046;10275.062;12093.892;11412.573;12779.682;12737.559;15513.945;125.01;71.82;114.21;
10000;15396.43;11238.94;10361.18;12159.88;11513.97;12832.98;12819.51;15571.05;138.9;79.8;126.9;
11000;15456.073;11302.834;10447.298;12225.868;11615.367;12886.278;12901.461;15628.155;152.79;87.78;139.59;
12000;15515.716;11366.728;10533.416;12291.856;11716.764;12939.576;12983.412;15685.26;166.68;95.76;152.28;
13000;15575.359;11430.622;10619.534;12357.844;11818.161;12992.874;13065.363;15742.365;180.57;103.74;164.97;
14000;15635.002;11494.516;10705.652;12423.832;11919.558;13046.172;13147.314;15799.47;194.46;111.72;177.66;
15000;15814.645;11668.41;10791.77;12489.82;12020.955;13099.47;13229.265;15856.575;208.35;119.7;190.35;
16000;15874.288;11732.304;10877.888;12555.808;12122.352;13152.768;13311.216;15913.68;222.24;127.68;203.04;
17000;15933.931;11796.198;10964.006;12621.796;12223.749;13206.066;13393.167;15970.785;236.13;135.66;215.73;
18000;15993.574;11860.092;11050.124;12687.784;12325.146;13259.364;13475.118;16027.89;250.02;143.64;228.42;
19000;16053.217;11923.986;11136.242;12753.772;12426.543;13312.662;13557.069;16084.995;263.91;151.62;241.11;
20000;16112.86;11987.88;11302.36;13169.76;12627.94;13595.96;13639.02;16142.1;277.8;159.6;253.8;
21000;16172.503;12051.774;11388.478;13235.748;12729.337;13649.258;13720.971;16199.205;291.69;167.58;266.49;
22000;16232.146;12115.668;11474.596;13301.736;12830.734;13702.556;13802.922;16256.31;305.58;175.56;279.18;
23000;16291.789;12179.562;11560.714;13367.724;12932.131;13755.854;13884.873;16313.415;319.47;183.54;291.87;
24000;16351.432;12243.456;11646.832;13433.712;13033.528;13809.152;13966.824;16370.52;333.36;191.52;304.56;
25000;16411.075;12307.35;11732.95;13499.7;13134.925;13862.45;14048.775;16427.625;347.25;199.5;317.25;
26000;16470.718;12371.244;11819.068;13565.688;13236.322;13915.748;14130.726;16484.73;361.14;207.48;329.94;
27000;16530.361;12435.138;11905.186;13631.676;13337.719;13969.046;14212.677;16541.835;375.03;215.46;342.63;
28000;16590.004;12499.032;11991.304;13697.664;13439.116;14022.344;14294.628;16598.94;388.92;223.44;355.32;
29000;16649.647;12562.926;12077.422;13763.652;13540.513;14075.642;14376.579;16656.045;402.81;231.42;368.01;
30000;16829.29;12736.82;12163.54;13829.64;13641.91;14128.94;14458.53;16713.15;416.7;239.4;380.7;
31000;16888.933;12800.714;12249.658;13895.628;13743.307;14182.238;14540.481;16770.255;430.59;247.38;393.39;
32000;16948.576;12864.608;12335.776;13961.616;13844.704;14235.536;14622.432;16827.36;444.48;255.36;406.08;
33000;17008.219;12928.502;12421.894;14027.604;13946.101;14288.834;14704.383;16884.465;458.37;263.34;418.77;
34000;17067.862;12992.396;12508.012;14093.592;14047.498;14342.132;14786.334;16941.57;472.26;271.32;431.46;
35000;17127.505;13056.29;12594.13;14159.58;14148.895;14395.43;14868.285;16998.675;486.15;279.3;444.15;
36000;17187.148;13120.184;12680.248;14225.568;14250.292;14448.728;14950.236;17055.78;500.04;287.28;456.84;
37000;17246.791;13184.078;12766.366;14291.556;14351.689;14502.026;15032.187;17112.885;513.93;295.26;469.53;
38000;17306.434;13247.972;12852.484;14357.544;14453.086;14555.324;15114.138;17169.99;527.82;303.24;482.22;
39000;17366.077;13311.866;12938.602;14423.532;14554.483;14608.622;15196.089;17227.095;541.71;311.22;494.91;
40000;17425.72;13375.76;13104.72;14839.52;14755.88;14891.92;15278.04;17284.2;555.6;319.2;507.6;
41000;17485.363;13439.654;13190.838;14905.508;14857.277;14945.218;15359.991;17341.305;569.49;327.18;520.29;
42000;17545.006;13503.548;13276.956;14971.496;14958.674;14998.516;15441.942;17398.41;583.38;335.16;532.98;
43000;17604.649;13567.442;13363.074;15037.484;15060.071;15051.814;15523.893;17455.515;597.27;343.14;545.67;
44000;17664.292;13631.336;13449.192;15103.472;15161.468;15105.112;15605.844;17512.62;611.16;351.12;558.36;
45000;17843.935;13805.23;13535.31;15169.46;15262.865;15158.41;15687.795;17569.725;625.05;359.1;571.05;
46000;17903.578;13869.124;13621.428;15235.448;15364.262;15211.708;15769.746;17626.83;638.94;367.08;583.74;
47000;18497.221;14313.018;14057.546;15751.436;15815.659;15645.006;15851.697;17683.935;652.83;375.06;596.43;
48000;18556.864;14376.912;14143.664;15817.424;15917.056;15698.304;15933.648;17741.04;666.72;383.04;609.12;
49000;18616.507;14440.806;14229.782;15883.412;16018.453;15751.602;16015.599;17798.145;680.61;391.02;621.81;
50000;18676.15;14504.7;14315.9;15949.4;16119.85;15804.9;16097.55;17855.25;694.5;399.0;634.5;
51000;18735.793;14568.594;14402.018;16015.388;16221.247;15858.198;16179.501;17912.355;708.39;406.98;647.19;
52000;18795.436;14632.488;14488.136;16081.376;16322.644;15911.496;16261.452;17969.46;722.28;414.96;659.88;
53000;18855.079;14696.382;14574.254;16147.364;16424.041;15964.794;16343.403;18026.565;736.17;422.94;672.57;
54000;18914.722;14760.276;14660.372;16213.352;16525.438;16018.092;16425.354;18083.67;750.06;430.92;685.26;
55000;18974.365;14824.17;14746.49;16279.34;16626.835;16071.39;16507.305;18140.775;763.95;438.9;697.95;
56000;19034.008;14888.064;14832.608;16345.328;16728.232;16124.688;16589.256;18197.88;777.84;446.88;710.64;
57000;19093.651;14951.958;14918.726;16411.316;16829.629;16177.986;16671.207;18254.985;791.73;454.86;723.33;
58000;19153.294;15015.852;15004.844;16477.304;16931.026;16231.284;16753.158;18312.09;805.62;462.84;736.02;
59000;19212.937;15079.746;15090.962;16543.292;17032.423;16284.582;16835.109;18369.195;819.51;470.82;748.71;
60000;19392.58;15253.64;15257.08;16959.28;17233.82;16567.88;16917.06;18426.3;833.4;478.8;761.4;
61000;19452.223;15317.534;15343.198;17025.268;17335.217;16621.178;16999.011;18483.405;847.29;486.78;774.09;
62000;19511.866;15381.428;15429.316;17091.256;17436.614;16674.476;17080.962;18540.51;861.18;494.76;786.78;
63000;19571.509;15445.322;15515.434;17157.244;17538.011;16727.774;17162.913;18597.615;875.07;502.74;799.47;
64000;19631.152;15509.216;15601.552;17223.232;17639.408;16781.072;17244.864;18654.72;888.96;510.72;812.16;
65000;19690.795;15573.11;15687.67;17289.22;17740.805;16834.37;17326.815;18711.825;902.85;518.7;824.85;
66000;19750.438;15637.004;15773.788;17355.208;17842.202;16887.668;17408.766;18768.93;916.74;526.68;837.54;
67000;19810.081;15700.898;15859.906;17421.196;17943.599;16940.966;17490.717;18826.035;930.63;534.66;850.23;
68000;19869.724;15764.792;15946.024;17487.184;18044.996;16994.264;17572.668;18883.14;944.52;542.64;862.92;
69000;19929.367;15828.686;16032.142;17553.172;18146.393;17047.562;17654.619;18940.245;958.41;550.62;875.61;
70000;19989.01;15892.58;16118.26;17619.16;18247.79;17100.86;17736.57;18997.35;972.3;558.6;888.3;
71000;20048.653;15956.474;16204.378;17685.148;18349.187;17154.158;17818.521;19054.455;986.19;566.58;900.99;
72000;20108.296;16020.368;16290.496;17751.136;18450.584;17207.456;17900.472;19111.56;1000.08;574.56;913.68;
73000;20167.939;16084.262;16376.614;17817.124;18551.981;17260.754;17982.423;19168.665;1013.97;582.54;926.37;
74000;20227.582;16148.156;16462.732;17883.112;18653.378;17314.052;18064.374;19225.77;1027.86;590.52;939.06;
75000;20407.225;16322.05;16548.85;17949.1;18754.775;17367.35;18146.325;19282.875;1041.75;598.5;951.75;
76000;20466.868;16385.944;16634.968;18015.088;18856.172;17420.648;18228.276;19339.98;1055.64;606.48;964.44;
77000;20526.511;16449.838;16721.086;18081.076;18957.569;17473.946;18310.227;19397.085;1069.53;614.46;977.13;
78000;20586.154;16513.732;16807.204;18147.064;19058.966;17527.244;18392.178;19454.19;1083.42;622.44;989.82;
79000;20645.797;16577.626;16893.322;18213.052;19160.363;17580.542;18474.129;19511.295;1097.31;630.42;1002.51;
80000;20705.44;16641.52;17509.44;18629.04;19861.76;17863.84;18556.08;19568.4;1111.2;638.4;1015.2;
81000;20765.083;16705.414;17595.558;18695.028;19963.157;17917.138;18638.031;19625.505;1125.09;646.38;1027.89;
82000;20824.726;16769.308;17681.676;18761.016;20064.554;17970.436;18719.982;19682.61;1138.98;654.36;1040.58;
83000;20884.369;16833.202;17767.794;18827.004;20165.951;18023.734;18801.933;19739.715;1152.87;662.34;1053.27;
84000;20944.012;16897.096;17853.912;18892.992;20267.348;18077.032;18883.884;19796.82;1166.76;670.32;1065.96;
85000;21003.655;16960.99;17940.03;18958.98;20368.745;18130.33;18965.835;19853.925;1180.65;678.3;1078.65;
86000;21063.298;17024.884;18026.148;19024.968;20470.142;18183.628;19047.786;19911.03;1194.54;686.28;1091.34;
87000;21122.941;17088.778;18112.266;19090.956;20571.539;18236.926;19129.737;19968.135;1208.43;694.26;1104.03;
88000;21182.584;17152.672;18198.384;19156.944;20672.936;18290.224;19211.688;20025.24;1222.32;702.24;1116.72;
89000;21242.227;17216.566;18284.502;19222.932;20774.333;18343.522;19293.639;20082.345;1236.21;710.22;1129.41;
90000;21421.87;17940.46;18370.62;19288.92;20875.73;18996.82;19375.59;20139.45;1250.1;718.2;1142.1;
91000;21481.513;18004.354;18456.738;19354.908;20977.127;19050.118;19457.541;20196.555;1263.99;726.18;1154.79;
92000;21541.156;18068.248;18542.856;19420.896;21078.524;19103.416;19539.492;20253.66;1277.88;734.16;1167.48;
93000;21600.799;18132.142;18628.974;19486.884;21179.921;19156.714;19621.443;20310.765;1291.77;742.14;1180.17;
94000;22194.442;18576.036;19065.092;20002.872;21631.318;19590.012;19703.394;20367.87;1305.66;750.12;1192.86;
95000;22254.085;18639.93;19151.21;20068.86;21732.715;19643.31;19785.345;20424.975;1319.55;758.1;1205.55;
96000;22313.728;18703.824;19237.328;20134.848;21834.112;19696.608;19867.296;20482.08;1333.44;766.08;1218.24;
97000;22373.371;18767.718;19323.446;20200.836;21935.509;19749.906;19949.247;20539.185;1347.33;774.06;1230.93;
98000;22433.014;18831.612;19409.564;20266.824;22036.906;19803.204;20031.198;20596.29;1361.22;782.04;1243.62;
99000;22492.657;18895.506;19495.682;20332.812;22138.303;19856.502;20113.149;20653.395;1375.11;790.02;1256.31;
100000;22552.3;18959.4;19661.8;20748.8;22339.7;20139.8;20195.1;20710.5;1389.0;798.0;1269.0;
101000;22611.943;19023.294;19747.918;20814.788;22441.097;20193.098;20277.051;20767.605;1402.89;805.98;1281.69;
102000;22671.586;19087.188;19834.036;20880.776;22542.494;20246.396;20359.002;20824.71;1416.78;813.96;1294.38;
103000;22731.229;19151.082;19920.154;20946.764;22643.891;20299.694;20440.953;20881.815;1430.67;821.94;1307.07;
104000;22790.872;19214.976;20006.272;21012.752;22745.288;20352.992;20522.904;20938.92;1444.56;829.92;1319.76;
105000;22970.515;19388.87;20092.39;21078.74;22846.685;20406.29;20604.855;20996.025;1458.45;837.9;1332.45;
106000;23030.158;19452.764;20178.508;21144.728;22948.082;20459.588;20686.806;21053.13;1472.34;845.88;1345.14;
107000;23089.801;19516.658;20264.626;21210.716;23049.479;20512.886;20768.757;21110.235;1486.23;853.86;1357.83;
108000;23149.444;19580.552;20350.744;21276.704;23150.876;20566.184;20850.708;21167.34;1500.12;861.84;1370.52;
109000;23209.087;19644.446;20436.862;21342.692;23252.273;20619.482;20932.659;21224.445;1514.01;869.82;1383.21;
110000;24018.73;19708.34;20522.98;21408.68;23353.67;20672.78;21014.61;21281.55;1527.9;877.8;1395.9;
111000;24078.373;19772.234;20609.098;21474.668;23455.067;20726.078;21096.561;21338.655;1541.79;885.78;1408.59;
112000;24138.016;19836.128;20695.216;21540.656;23556.464;20779.376;21178.512;21395.76;1555.68;893.76;1421.28;
113000;24197.659;19900.022;20781.334;21606.644;23657.861;20832.674;21260.463;21452.865;1569.57;901.74;1433.97;
114000;24257.302;19963.916;20867.452;21672.632;23759.258;20885.972;21342.414;21509.97;1583.46;909.72;1446.66;
115000;24316.945;20027.81;20953.57;21738.62;23860.655;20939.27;21424.365;21567.075;1597.35;917.7;1459.35;
116000;24376.588;20091.704;21039.688;21804.608;23962.052;20992.568;21506.316;21624.18;1611.24;925.68;1472.04;
117000;24436.231;20155.598;21125.806;21870.596;24063.449;21045.866;21588.267;21681.285;1625.13;933.66;1484.73;
118000;24495.874;20219.492;21211.924;21936.584;24164.846;21099.164;21670.218;21738.39;1639.02;941.64;1497.42;
119000;24555.517;20283.386;21298.042;22002.572;24266.243;21152.462;21752.169;21795.495;1652.91;949.62;1510.11;
120000;24735.16;20457.28;21464.16;22418.56;24467.64;21435.76;21834.12;21852.6;1666.8;957.6;1522.8;
121000;24794.803;20521.174;21550.278;22484.548;24569.037;21489.058;21916.071;21909.705;1680.69;965.58;1535.49;
122000;24854.446;20585.068;21636.396;22550.536;24670.434;21542.356;21998.022;21966.81;1694.58;973.56;1548.18;
123000;24914.089;20648.962;21722.514;22616.524;24771.831;21595.654;22079.973;22023.915;1708.47;981.54;1560.87;
124000;24973.732;20712.856;21808.632;22682.512;24873.228;21648.952;22161.924;22081.02;1722.36;989.52;1573.56;
125000;25033.375;20776.75;21894.75;22748.5;24974.625;21702.25;22243.875;22138.125;1736.25;997.5;1586.25;
126000;25093.018;20840.644;21980.868;22814.488;25076.022;21755.548;22325.826;22195.23;1750.14;1005.48;1598.94;
127000;25152.661;20904.538;22066.986;22880.476;25177.419;21808.846;22407.777;22252.335;1764.03;1013.46;1611.63;
128000;25212.304;20968.432;22153.104;22946.464;25278.816;21862.144;22489.728;22309.44;1777.92;1021.44;1624.32;
129000;25271.947;21032.326;22239.222;23012.452;25380.213;21915.442;22571.679;22366.545;1791.81;1029.42;1637.01;
130000;25331.59;21096.22;22325.34;23078.44;25481.61;21968.74;22653.63;22423.65;1805.7;1037.4;1649.7;
131000;25391.233;21160.114;22411.458;23144.428;25583.007;22022.038;22735.581;22480.755;1819.59;1045.38;1662.39;
132000;25450.876;21224.008;22497.576;23210.416;25684.404;22075.336;22817.532;22537.86;1833.48;1053.36;1675.08;
133000;25510.519;21287.902;22583.694;23276.404;25785.801;22128.634;22899.483;22594.965;1847.37;1061.34;1687.77;
134000;25570.162;21351.796;22669.812;23342.392;25887.198;22181.932;22981.434;22652.07;1861.26;1069.32;1700.46;
135000;25749.805;21525.69;22755.93;23408.38;25988.595;22235.23;23063.385;22709.175;1875.15;1077.3;1713.15;
136000;25809.448;21589.584;22842.048;23474.368;26089.992;22288.528;23145.336;22766.28;1889.04;1085.28;1725.84;
137000;25869.091;21653.478;22928.166;23540.356;26191.389;22341.826;23227.287;22823.385;1902.93;1093.26;1738.53;
138000;25928.734;21717.372;23014.284;23606.344;26292.786;22395.124;23309.238;22880.49;1916.82;1101.24;1751.22;
139000;25988.377;21781.266;23100.402;23672.332;26394.183;22448.422;23391.189;22937.595;1930.71;1109.22;1763.91;
140000;26048.02;21845.16;23266.52;24088.32;26595.58;22731.72;23473.14;22994.7;1944.6;1117.2;1776.6;
141000;26641.663;22289.054;23702.638;24604.308;27046.977;23165.018;23555.091;23051.805;1958.49;1125.18;1789.29;
142000;26701.306;22352.948;23788.756;24670.296;27148.374;23218.316;23637.042;23108.91;1972.38;1133.16;1801.98;
143000;26760.949;22416.842;23874.874;24736.284;27249.771;23271.614;23718.993;23166.015;1986.27;1141.14;1814.67;
144000;26820.592;22480.736;23960.992;24802.272;27351.168;23324.912;23800.944;23223.12;2000.16;1149.12;1827.36;
145000;26880.235;22544.63;24047.11;24868.26;27452.565;23378.21;23882.895;23280.225;2014.05;1157.1;1840.05;
146000;26939.878;22608.524;24133.228;24934.248;27553.962;23431.508;23964.846;23337.33;2027.94;1165.08;1852.74;
147000;26999.521;22672.418;24219.346;25000.236;27655.359;23484.806;24046.797;23394.435;2041.83;1173.06;1865.43;
148000;27059.164;22736.312;24305.464;25066.224;27756.756;23538.104;24128.748;23451.54;2055.72;1181.04;1878.12;
149000;27118.807;22800.206;24391.582;25132.212;27858.153;23591.402;24210.699;23508.645;2069.61;1189.02;1890.81;
150000;27298.45;22974.1;24477.7;25198.2;27959.55;23644.7;24292.65;23565.75;2083.5;1197.0;1903.5;
151000;27358.093;23037.994;24563.818;25264.188;28060.947;23697.998;24374.601;23622.855;2097.39;1204.98;1916.19;
152000;27417.736;23101.888;24649.936;25330.176;28162.344;23751.296;24456.552;23679.96;2111.28;1212.96;1928.88;
153000;27477.379;23165.782;24736.054;25396.164;28263.741;23804.594;24538.503;23737.065;2125.17;1220.94;1941.57;
154000;27537.022;23229.676;24822.172;25462.152;28365.138;23857.892;24620.454;23794.17;2139.06;1228.92;1954.26;
155000;27596.665;23293.57;24908.29;25528.14;28466.535;23911.19;24702.405;23851.275;2152.95;1236.9;1966.95;
156000;27656.308;23357.464;24994.408;25594.128;28567.932;23964.488;24784.356;23908.38;2166.84;1244.88;1979.64;
157000;27715.951;23421.358;25080.526;25660.116;28669.329;24017.786;24866.307;23965.485;2180.73;1252.86;1992.33;
158000;27775.594;23485.252;25166.644;25726.104;28770.726;24071.084;24948.258;24022.59;2194.62;1260.84;2005.02;
159000;27835.237;23549.146;25252.762;25792.092;28872.123;24124.382;25030.209;24079.695;2208.51;1268.82;2017.71;
160000;27894.88;23613.04;25868.88;26208.08;29573.52;24407.68;25112.16;24136.8;2222.4;1276.8;2030.4;
161000;27954.523;23676.934;25954.998;26274.068;29674.917;24460.978;25194.111;24193.905;2236.29;1284.78;2043.09;
162000;28014.166;23740.828;26041.116;26340.056;29776.314;24514.276;25276.062;24251.01;2250.18;1292.76;2055.78;
163000;28073.809;23804.722;26127.234;26406.044;29877.711;24567.574;25358.013;24308.115;2264.07;1300.74;2068.47;
164000;28133.452;23868.616;26213.352;26472.032;29979.108;24620.872;25439.964;24365.22;2277.96;1308.72;2081.16;
165000;28313.095;24042.51;26299.47;26538.02;30080.505;24674.17;25521.915;24422.325;2291.85;1316.7;2093.85;
166000;28372.738;24106.404;26385.588;26604.008;30181.902;24727.468;25603.866;24479.43;2305.74;1324.68;2106.54;
167000;28432.381;24170.298;26471.706;26669.996;30283.299;24780.766;25685.817;24536.535;2319.63;1332.66;2119.23;
168000;28492.024;24234.192;26557.824;26735.984;30384.696;24834.064;25767.768;24593.64;2333.52;1340.64;2131.92;
169000;28551.667;24298.086;26643.942;26801.972;30486.093;24887.362;25849.719;24650.745;2347.41;1348.62;2144.61;
170000;28611.31;24361.98;26730.06;26867.96;30587.49;24940.66;25931.67;24707.85;2361.3;1356.6;2157.3;
171000;28670.953;24425.874;26816.178;26933.948;30688.887;24993.958;26013.621;24764.955;2375.19;1364.58;2169.99;
172000;28730.596;24489.768;26902.296;26999.936;30790.284;25047.256;26095.572;24822.06;2389.08;1372.56;2182.68;
173000;28790.239;24553.662;26988.414;27065.924;30891.681;25100.554;26177.523;24879.165;2402.97;1380.54;2195.37;
174000;28849.882;24617.556;27074.532;27131.912;30993.078;25153.852;26259.474;24936.27;2416.86;1388.52;2208.06;
175000;28909.525;24681.45;27160.65;27197.9;31094.475;25207.15;26341.425;24993.375;2430.75;1396.5;2220.75;
176000;28969.168;24745.344;27246.768;27263.888;31195.872;25260.448;26423.376;25050.48;2444.64;1404.48;2233.44;
177000;29028.811;24809.238;27332.886;27329.876;31297.269;25313.746;26505.327;25107.585;2458.53;1412.46;2246.13;
178000;29088.454;24873.132;27419.004;27395.864;31398.666;25367.044;26587.278;25164.69;2472.42;1420.44;2258.82;
179000;29148.097;24937.026;27505.122;27461.852;31500.063;25420.342;26669.229;25221.795;2486.31;1428.42;2271.51;
180000;29327.74;25660.92;27671.24;27877.84;31701.46;26303.64;26751.18;25278.9;2500.2;1436.4;2284.2;
181000;29387.383;25724.814;27757.358;27943.828;31802.857;26356.938;26833.131;25336.005;2514.09;1444.38;2296.89;
182000;29447.026;25788.708;27843.476;28009.816;31904.254;26410.236;26915.082;25393.11;2527.98;1452.36;2309.58;
183000;29506.669;25852.602;27929.594;28075.804;32005.651;26463.534;26997.033;25450.215;2541.87;1460.34;2322.27;
184000;29566.312;25916.496;28015.712;28141.792;32107.048;26516.832;27078.984;25507.32;2555.76;1468.32;2334.96;
185000;29625.955;25980.39;28101.83;28207.78;32208.445;26570.13;27160.935;25564.425;2569.65;1476.3;2347.65;
186000;29685.598;26044.284;28187.948;28273.768;32309.842;26623.428;27242.886;25621.53;2583.54;1484.28;2360.34;
187000;29745.241;26108.178;28274.066;28339.756;32411.239;26676.726;27324.837;25678.635;2597.43;1492.26;2373.03;
188000;30338.884;26552.072;28710.184;28855.744;32862.636;27110.024;27406.788;25735.74;2611.32;1500.24;2385.72;
189000;30398.527;26615.966;28796.302;28921.732;32964.033;27163.322;27488.739;25792.845;2625.21;1508.22;2398.41;
190000;31208.17;26679.86;28882.42;28987.72;33065.43;27216.62;27570.69;25849.95;2639.1;1516.2;2411.1;
191000;31267.813;26743.754;28968.538;29053.708;33166.827;27269.918;27652.641;25907.055;2652.99;1524.18;2423.79;
192000;31327.456;26807.648;29054.656;29119.696;33268.224;27323.216;27734.592;25964.16;2666.88;1532.16;2436.48;
193000;31387.099;26871.542;29140.774;29185.684;33369.621;27376.514;27816.543;26021.265;2680.77;1540.14;2449.17;
194000;31446.742;26935.436;29226.892;29251.672;33471.018;27429.812;27898.494;26078.37;2694.66;1548.12;2461.86;
195000;31626.385;27109.33;29313.01;29317.66;33572.415;27483.11;27980.445;26135.475;2708.55;1556.1;2474.55;
196000;31686.028;27173.224;29399.128;29383.648;33673.812;27536.408;28062.396;26192.58;2722.44;1564.08;2487.24;
197000;31745.671;27237.118;29485.246;29449.636;33775.209;27589.706;28144.347;26249.685;2736.33;1572.06;2499.93;
198000;31805.314;27301.012;29571.364;29515.624;33876.606;27643.004;28226.298;26306.79;2750.22;1580.04;2512.62;
199000;31864.957;27364.906;29657.482;29581.612;33978.003;27696.302;28308.249;26363.895;2764.11;1588.02;2525.31;
200000;31924.6;27428.8;29823.6;29997.6;34179.4;27979.6;28390.2;26421.0;2778.0;1596.0;2538.0;
201000;31984.243;27492.694;29909.718;30063.588;34280.797;28032.898;28472.151;26478.105;2791.89;1603.98;2550.69;
202000;32043.886;27556.588;29995.836;30129.576;34382.194;28086.196;28554.102;26535.21;2805.78;1611.96;2563.38;
203000;32103.529;27620.482;30081.954;30195.564;34483.591;28139.494;28636.053;26592.315;2819.67;1619.94;2576.07;
204000;32163.172;27684.376;30168.072;30261.552;34584.988;28192.792;28718.004;26649.42;2833.56;1627.92;2588.76;
205000;32222.815;27748.27;30254.19;30327.54;34686.385;28246.09;28799.955;26706.525;2847.45;1635.9;2601.45;
206000;32282.458;27812.164;30340.308;30393.528;34787.782;28299.388;28881.906;26763.63;2861.34;1643.88;2614.14;
207000;32342.101;27876.058;30426.426;30459.516;34889.179;28352.686;28963.857;26820.735;2875.23;1651.86;2626.83;
208000;32401.744;27939.952;30512.544;30525.504;34990.576;28405.984;29045.808;26877.84;2889.12;1659.84;2639.52;
209000;32461.387;28003.846;30598.662;30591.492;35091.973;28459.282;29127.759;26934.945;2903.01;1667.82;2652.21;
210000;32641.03;28177.74;30684.78;30657.48;35193.37;28512.58;29209.71;26992.05;2916.9;1675.8;2664.9;
211000;32700.673;28241.634;30770.898;30723.468;35294.767;28565.878;29291.661;27049.155;2930.79;1683.78;2677.59;
212000;32760.316;28305.528;30857.016;30789.456;35396.164;28619.176;29373.612;27106.26;2944.68;1691.76;2690.28;
213000;32819.959;28369.422;30943.134;30855.444;35497.561;28672.474;29455.563;27163.365;2958.57;1699.74;2702.97;
214000;32879.602;28433.316;31029.252;30921.432;35598.958;28725.772;29537.514;27220.47;2972.46;1707.72;2715.66;
215000;32939.245;28497.21;31115.37;30987.42;35700.355;28779.07;29619.465;27277.575;2986.35;1715.7;2728.35;
216000;32998.888;28561.104;31201.488;31053.408;35801.752;28832.368;29701.416;27334.68;3000.24;1723.68;2741.04;
217000;33058.531;28624.998;31287.606;31119.396;35903.149;28885.666;29783.367;27391.785;3014.13;1731.66;2753.73;
218000;33118.174;28688.892;31373.724;31185.384;36004.546;28938.964;29865.318;27448.89;3028.02;1739.64;2766.42;
219000;33177.817;28752.786;31459.842;31251.372;36105.943;28992.262;29947.269;27505.995;3041.91;1747.62;2779.11;
220000;33237.46;28816.68;31625.96;31667.36;36307.34;29275.56;30029.22;27563.1;3055.8;1755.6;2791.8;
221000;33297.103;28880.574;31712.078;31733.348;36408.737;29328.858;30111.171;27620.205;3069.69;1763.58;2804.49;
222000;33356.746;28944.468;31798.196;31799.336;36510.134;29382.156;30193.122;27677.31;3083.58;1771.56;2817.18;
223000;33416.389;29008.362;31884.314;31865.324;36611.531;29435.454;30275.073;27734.415;3097.47;1779.54;2829.87;
224000;33476.032;29072.256;31970.432;31931.312;36712.928;29488.752;30357.024;27791.52;3111.36;1787.52;2842.56;
225000;33655.675;29246.15;32056.55;31997.3;36814.325;29542.05;30438.975;27848.625;3125.25;1795.5;2855.25;
226000;33715.318;29310.044;32142.668;32063.288;36915.722;29595.348;30520.926;27905.73;3139.14;1803.48;2867.94;
227000;33774.961;29373.938;32228.786;32129.276;37017.119;29648.646;30602.877;27962.835;3153.03;1811.46;2880.63;
228000;33834.604;29437.832;32314.904;32195.264;37118.516;29701.944;30684.828;28019.94;3166.92;1819.44;2893.32;
229000;33894.247;29501.726;32401.022;32261.252;37219.913;29755.242;30766.779;28077.045;3180.81;1827.42;2906.01;
230000;33953.89;29565.62;32487.14;32327.24;37321.31;29808.54;30848.73;28134.15;3194.7;1835.4;2918.7;
231000;34013.533;29629.514;32573.258;32393.228;37422.707;29861.838;30930.681;28191.255;3208.59;1843.38;2931.39;
232000;34073.176;29693.408;32659.376;32459.216;37524.104;29915.136;31012.632;28248.36;3222.48;1851.36;2944.08;
233000;34132.819;29757.302;32745.494;32525.204;37625.501;29968.434;31094.583;28305.465;3236.37;1859.34;2956.77;
234000;34192.462;29821.196;32831.612;32591.192;37726.898;30021.732;31176.534;28362.57;3250.26;1867.32;2969.46;
235000;34786.105;30265.09;33267.73;33107.18;38178.295;30455.03;31258.485;28419.675;3264.15;1875.3;2982.15;
236000;34845.748;30328.984;33353.848;33173.168;38279.692;30508.328;31340.436;28476.78;3278.04;1883.28;2994.84;
237000;34905.391;30392.878;33439.966;33239.156;38381.089;30561.626;31422.387;28533.885;3291.93;1891.26;3007.53;
238000;34965.034;30456.772;33526.084;33305.144;38482.486;30614.924;31504.338;28590.99;3305.82;1899.24;3020.22;
239000;35024.677;30520.666;33612.202;33371.132;38583.883;30668.222;31586.289;28648.095;3319.71;1907.22;3032.91;
240000;35204.32;30694.56;34228.32;33787.12;39285.28;30951.52;31668.24;28705.2;3333.6;1915.2;3045.6;
241000;35263.963;30758.454;34314.438;33853.108;39386.677;31004.818;31750.191;28762.305;3347.49;1923.18;3058.29;
242000;35323.606;30822.348;34400.556;33919.096;39488.074;31058.116;31832.142;28819.41;3361.38;1931.16;3070.98;
243000;35383.249;30886.242;34486.674;33985.084;39589.471;31111.414;31914.093;28876.515;3375.27;1939.14;3083.67;
244000;35442.892;30950.136;34572.792;34051.072;39690.868;31164.712;31996.044;28933.62;3389.16;1947.12;3096.36;
245000;35502.535;31014.03;34658.91;34117.06;39792.265;31218.01;32077.995;28990.725;3403.05;1955.1;3109.05;
246000;35562.178;31077.924;34745.028;34183.048;39893.662;31271.308;32159.946;29047.83;3416.94;1963.08;3121.74;
247000;35621.821;31141.818;34831.146;34249.036;39995.059;31324.606;32241.897;29104.935;3430.83;1971.06;3134.43;
248000;35681.464;31205.712;34917.264;34315.024;40096.456;31377.904;32323.848;29162.04;3444.72;1979.04;3147.12;
249000;35741.107;31269.606;35003.382;34381.012;40197.853;31431.202;32405.799;29219.145;3458.61;1987.02;3159.81;
250000;35800.75;31333.5;35089.5;34447.0;40299.25;31484.5;32487.75;29276.25;3472.5;1995.0;3172.5;
251000;35860.393;31397.394;35175.618;34512.988;40400.647;31537.798;32569.701;29333.355;3486.39;2002.98;3185.19;
252000;35920.036;31461.288;35261.736;34578.976;40502.044;31591.096;32651.652;29390.46;3500.28;2010.96;3197.88;
253000;35979.679;31525.182;35347.854;34644.964;40603.441;31644.394;32733.603;29447.565;3514.17;2018.94;3210.57;
254000;36039.322;31589.076;35433.972;34710.952;40704.838;31697.692;32815.554;29504.67;3528.06;2026.92;3223.26;
255000;36218.965;31762.97;35520.09;34776.94;40806.235;31750.99;32897.505;29561.775;3541.95;2034.9;3235.95;
256000;36278.608;31826.864;35606.208;34842.928;40907.632;31804.288;32979.456;29618.88;3555.84;2042.88;3248.64;
257000;36338.251;31890.758;35692.326;34908.916;41009.029;31857.586;33061.407;29675.985;3569.73;2050.86;3261.33;
258000;36397.894;31954.652;35778.444;34974.904;41110.426;31910.884;33143.358;29733.09;3583.62;2058.84;3274.02;
259000;36457.537;32018.546;35864.562;35040.892;41211.823;31964.182;33225.309;29790.195;3597.51;2066.82;3286.71;
260000;36517.18;32082.44;36030.68;35456.88;41413.22;32247.48;33307.26;29847.3;3611.4;2074.8;3299.4;
261000;36576.823;32146.334;36116.798;35522.868;41514.617;32300.778;33389.211;29904.405;3625.29;2082.78;3312.09;
262000;36636.466;32210.228;36202.916;35588.856;41616.014;32354.076;33471.162;29961.51;3639.18;2090.76;3324.78;
263000;36696.109;32274.122;36289.034;35654.844;41717.411;32407.374;33553.113;30018.615;3653.07;2098.74;3337.47;
264000;36755.752;32338.016;36375.152;35720.832;41818.808;32460.672;33635.064;30075.72;3666.96;2106.72;3350.16;
265000;36815.395;32401.91;36461.27;35786.82;41920.205;32513.97;33717.015;30132.825;3680.85;2114.7;3362.85;
266000;36875.038;32465.804;36547.388;35852.808;42021.602;32567.268;33798.966;30189.93;3694.74;2122.68;3375.54;
267000;36934.681;32529.698;36633.506;35918.796;42122.999;32620.566;33880.917;30247.035;3708.63;2130.66;3388.23;
268000;36994.324;32593.592;36719.624;35984.784;42224.396;32673.864;33962.868;30304.14;3722.52;2138.64;3400.92;
269000;37053.967;32657.486;36805.742;36050.772;42325.793;32727.162;34044.819;30361.245;3736.41;2146.62;3413.61;
270000;37983.61;33381.38;36891.86;36116.76;42427.19;33380.46;34126.77;30418.35;3750.3;2154.6;3426.3;
271000;38043.253;33445.274;36977.978;36182.748;42528.587;33433.758;34208.721;30475.455;3764.19;2162.58;3438.99;
272000;38102.896;33509.168;37064.096;36248.736;42629.984;33487.056;34290.672;30532.56;3778.08;2170.56;3451.68;
273000;38162.539;33573.062;37150.214;36314.724;42731.381;33540.354;34372.623;30589.665;3791.97;2178.54;3464.37;
274000;38222.182;33636.956;37236.332;36380.712;42832.778;33593.652;34454.574;30646.77;3805.86;2186.52;3477.06;
275000;38281.825;33700.85;37322.45;36446.7;42934.175;33646.95;34536.525;30703.875;3819.75;2194.5;3489.75;
276000;38341.468;33764.744;37408.568;36512.688;43035.572;33700.248;34618.476;30760.98;3833.64;2202.48;3502.44;
277000;38401.111;33828.638;37494.686;36578.676;43136.969;33753.546;34700.427;30818.085;3847.53;2210.46;3515.13;
278000;38460.754;33892.532;37580.804;36644.664;43238.366;33806.844;34782.378;30875.19;3861.42;2218.44;3527.82;
279000;38520.397;33956.426;37666.922;36710.652;43339.763;33860.142;34864.329;30932.295;3875.31;2226.42;3540.51;
280000;38580.04;34020.32;37833.04;37126.64;43541.16;34143.44;34946.28;30989.4;3889.2;2234.4;3553.2;
281000;38639.683;34084.214;37919.158;37192.628;43642.557;34196.738;35028.231;31046.505;3903.09;2242.38;3565.89;
282000;39233.326;34528.108;38355.276;37708.616;44093.954;34630.036;35110.182;31103.61;3916.98;2250.36;3578.58;
283000;39292.969;34592.002;38441.394;37774.604;44195.351;34683.334;35192.133;31160.715;3930.87;2258.34;3591.27;
284000;39352.612;34655.896;38527.512;37840.592;44296.748;34736.632;35274.084;31217.82;3944.76;2266.32;3603.96;
285000;39532.255;34829.79;38613.63;37906.58;44398.145;34789.93;35356.035;31274.925;3958.65;2274.3;3616.65;
286000;39591.898;34893.684;38699.748;37972.568;44499.542;34843.228;35437.986;31332.03;3972.54;2282.28;3629.34;
287000;39651.541;34957.578;38785.866;38038.556;44600.939;34896.526;35519.937;31389.135;3986.43;2290.26;3642.03;
288000;39711.184;35021.472;38871.984;38104.544;44702.336;34949.824;35601.888;31446.24;4000.32;2298.24;3654.72;
289000;39770.827;35085.366;38958.102;38170.532;44803.733;35003.122;35683.839;31503.345;4014.21;2306.22;3667.41;
290000;39830.47;35149.26;39044.22;38236.52;44905.13;35056.42;35765.79;31560.45;4028.1;2314.2;3680.1;
291000;39890.113;35213.154;39130.338;38302.508;45006.527;35109.718;35847.741;31617.555;4041.99;2322.18;3692.79;
292000;39949.756;35277.048;39216.456;38368.496;45107.924;35163.016;35929.692;31674.66;4055.88;2330.16;3705.48;
293000;40009.399;35340.942;39302.574;38434.484;45209.321;35216.314;36011.643;31731.765;4069.77;2338.14;3718.17;
294000;40069.042;35404.836;39388.692;38500.472;45310.718;35269.612;36093.594;31788.87;4083.66;2346.12;3730.86;
295000;40128.685;35468.73;39474.81;38566.46;45412.115;35322.91;36175.545;31845.975;4097.55;2354.1;3743.55;
296000;40188.328;35532.624;39560.928;38632.448;45513.512;35376.208;36257.496;31903.08;4111.44;2362.08;3756.24;
297000;40247.971;35596.518;39647.046;38698.436;45614.909;35429.506;36339.447;31960.185;4125.33;2370.06;3768.93;
298000;40307.614;35660.412;39733.164;38764.424;45716.306;35482.804;36421.398;32017.29;4139.22;2378.04;3781.62;
299000;40367.257;35724.306;39819.282;38830.412;45817.703;35536.102;36503.349;32074.395;4153.11;2386.02;3794.31;
300000;40546.9;35898.2;39985.4;39246.4;46019.1;35819.4;36585.3;32131.5;4167.0;2394.0;3807.0;
